index,Username,timestamp
0,0xcce4614adb19bc9e2296d5767cad47d7b70bbd10,1632750206.8521636
0,0xfc30552fd46ad3059ba73b982c62b4869abfb003,1632826300.0923498
0,0xcce4614adb19bc9e2296d5767cad47d7b70bbd10,1632827818.163175
0,0x520955b53eB1553CBf67ec95bf1ace58C01E4219,1638619048.8942127
0,0xA25bc8c1e230a476cB00f2e9c93ffC2D4e163dc5,1638620791.1011238
0,0xA25bc8c1e230a476cB00f2e9c93ffC2D4e163dc5,1638635179.6924095
0,0xB43583341CaA5D2fd1e79DAA4EFcCb87c4904b0f,1638642102.614472
0,0xB43583341CaA5D2fd1e79DAA4EFcCb87c4904b0f,1638642336.7137768
0,0xB43583341CaA5D2fd1e79DAA4EFcCb87c4904b0f,1638642553.2866075
0,0xB43583341CaA5D2fd1e79DAA4EFcCb87c4904b0f,1638653529.3574882
0,0xB43583341CaA5D2fd1e79DAA4EFcCb87c4904b0f,1638654900.2610579
0,0xB43583341CaA5D2fd1e79DAA4EFcCb87c4904b0f,1638655067.5222063
0,0x520955b53eB1553CBf67ec95bf1ace58C01E4219,1638655498.1641629
0,0x520955b53eB1553CBf67ec95bf1ace58C01E4219,1638655957.7894027
0,0xA25bc8c1e230a476cB00f2e9c93ffC2D4e163dc5,1638656209.8841956
0,0xA25bc8c1e230a476cB00f2e9c93ffC2D4e163dc5,1638699587.4169054
0,0x520955b53eB1553CBf67ec95bf1ace58C01E4219,1638700269.8389428
